projectiles_explosions_tables	18
key	detonator_type	detonation_type	detonation_radius	detonation_duration	detonation_speed	detonation_damage	shrapnel	explosion_particle_effect	fuse_distance_from_target	explosion_particle_effect_on_ground	explosion_audio	contact_phase_effect	ignition_amount	is_magical	detonation_damage_ap	camera_shake	detonation_force	fuse_fixed_time	affects_allies
boiling_oil_splash	percussive	boiling_oil	2.0	3.0	2.0	2.0		wh_main_generic_spherical_explosion_large	0.0				0.0	false	0.0		100.0	-1.0	true
default_fire_spread	percussive	none	5.0	4.0	2.0	20.0		wh_main_generic_spherical_explosion_large	0.0				0.0	false	0.0		100.0	-1.0	true
fire_ignition	percussive	fire_ignition	5.0	10.0	4.0	5.0			0.0				0.0	false	0.0		100.0	-1.0	true
fire_ignition_l	percussive	fire_ignition	7.0	0.0	4.0	5.0			0.0	wh_main_generic_explosion_medium			0.0	false	0.0		100.0	-1.0	true
fire_spread	percussive	none	7.0	4.0	2.0	4.0			0.0	wh_main_generic_explosion_medium			0.0	false	0.0		100.0	-1.0	true
wh2_cst_necrofex_colossus_flame_explosion	percussive	shockwave	7.0	0.0	14.0	80.0		wh_main_weapon_flamethrower_explosion	0.0		wh2_dlc11_cst_necrofex_colossus_flamethrower	wh_main_unit_contact_morale	1.0	false	32.0	wh_main_unit_explosion_medium	100.0	-1.0	true
wh2_dlc09_casket_of_souls	percussive	shockwave	4.0	1.0	12.0	28.0		wh2_dlc09_machine_casket_of_souls_explosion	0.0		wh2_casket_of_souls		0.0	true	64.0	wh_main_unit_explosion_light	250.0	-1.0	true
wh2_dlc09_screaming_skull_explosion	percussive	shockwave	5.0	0.0	12.0	30.0			0.0		wh2_screamingskull_catapult	wh_main_unit_contact_overhead_morale	0.0	true	65.0	wh_main_unit_explosion_light	150.0	-1.0	true
wh2_dlc09_screaming_skull_explosion_1	percussive	shockwave	4.0	0.0	7.0	65.0			0.0		wh2_screamingskull_catapult	wh_main_unit_contact_overhead_morale	0.0	true	35.0	wh_main_unit_explosion_light	150.0	-1.0	true
wh2_dlc09_screaming_skull_explosion_2	percussive	shockwave	5.0	0.0	7.0	70.0			0.0		wh2_screamingskull_catapult	wh_main_unit_contact_overhead_morale	0.0	true	50.0	wh_main_unit_explosion_light	150.0	-1.0	true
wh2_dlc09_tmb_stalker_gaze_explosion	percussive	shockwave	5.0	0.0	8.0	37.0			0.0		wh2_dlc_tmb_stalker_gaze		0.0	true	8.0	wh_main_unit_explosion_light	10.0	-1.0	false
wh2_dlc09_tmb_ushabti_bolt_ror	fuse	shockwave	6.0	1.0	10.0	52.0	ushabti_shrapnel	wh2_dlc09_lib_sepultural_stalker_impact	20.0		wh2_screamingskull_catapult		0.0	false	26.0	wh_main_unit_explosion_light	100.0	-1.0	true
wh2_dlc09_tmb_ushabti_bolt_ror_shrapnel	percussive	shockwave	6.0	1.0	10.0	52.0		wh2_dlc09_lib_sepultural_stalker_impact	-1.0		wh2_screamingskull_catapult		0.0	false	26.0	wh_main_unit_explosion_light	100.0	1.0	true
wh2_dlc09_unit_abilities_death_from_above	percussive	shockwave	5.0	0.0	11.0	54.0		wh_main_weapon_gyrocopter_grenade	0.0		wh2_terradon_bomb		0.0	false	24.0	wh_main_unit_explosion_medium	450.0	-1.0	true
wh2_dlc10_abilities_frost_breath_explosion	percussive	shockwave	5.0	0.0	11.0	36.0		wh2_dlc10_frostbreath_impact	0.0		wh2_dlc10_dragon_breath_ice_multi	wh_dlc08_unit_contact_frostbite	0.0	false	20.0	wh_main_unit_explosion_light	5.0	-1.0	true
wh2_dlc10_bone_giant_explosion	percussive	shockwave	4.0	0.0	10.0	102.0		wh2_dlc10_bone_giant_impact	0.0		wh2_dlc_10_bone_arrow_explosion		0.0	true	66.0	wh_main_unit_explosion_heavy	200.0	-1.0	true
wh2_dlc10_item_abilities_the_amber_trance_miscast	percussive	shockwave	2.0	1.0	20.0	0.0		wh_main_generic_entity_buff_morale	0.0			wh2_dlc10_item_abilities_the_amber_trance_miscast	0.0	false	0.0		1.0	-1.0	true
wh2_dlc10_item_bound_assault_of_stone	percussive	shockwave	5.0	0.0	12.0	0.0		wh2_dlc10_stone_explosion	0.0		wh_large_rock		0.0	true	60.0	wh_main_unit_explosion_medium	220.0	-1.0	true
wh2_dlc10_item_bound_blast	percussive	shockwave	10.0	1.0	11.0	0.0		wh_main_generic_spherical_explosion_large	0.0		wh_main_spell_fire_fireball		1.0	true	48.0	wh_main_unit_explosion_light	450.0	-1.0	true
wh2_dlc10_lord_abilities_mislead_miscast	percussive	shockwave	2.0	1.0	20.0	0.0			0.0			wh2_dlc10_lord_abilities_mislead	0.0	false	0.0		1.0	-1.0	true
wh2_dlc10_quest_abilities_regenerating_head	percussive	shockwave	28.0	4.0	12.0	0.0		wh2_dlc10_regenerating_head_exp	0.0			wh2_dlc10_quest_abilities_regenerating_head	0.0	false	0.0	wh_main_unit_explosion_light	20.0	-1.0	true
wh2_dlc10_quest_abilities_unidentified_hydra_head	percussive	shockwave	10.0	4.0	12.0	0.0		wh2_dlc10_regenerating_head_exp	0.0			wh2_dlc10_quest_abilities_unidentified_hydra_head	0.0	false	0.0	wh_main_unit_explosion_light	1.0	-1.0	true
wh2_dlc10_spell_bound_lesser_doombolt	percussive	shockwave	7.0	1.0	11.0	0.0		wh2_main_dark_doombolt_impact	0.0		wh_main_spell_dark_magic_doombolt		0.0	true	66.0	wh_main_unit_explosion_light	450.0	-1.0	true
wh2_dlc10_weapon_abilities_the_moonbow	percussive	shockwave	7.0	1.0	11.0	0.0		wh2_dlc10_moonbow_impact	0.0		wh2_dlc10_ability_the_moonbow		0.0	true	145.0	wh_main_unit_explosion_heavy	450.0	-1.0	true
wh2_dlc11_army_abilities_rod_of_the_storm	percussive	shockwave	9.0	1.0	12.0	0.0			0.0		wh_urannons_thunderbolt		0.0	true	204.0	wh_main_unit_explosion_light	400.0	-1.0	true
wh2_dlc11_army_abilities_wraith_storm	percussive	shockwave	6.0	1.0	6.0	0.0			0.0				0.0	true	36.0	wh_main_unit_explosion_heavy	120.0	-1.0	true
wh2_dlc11_character_abilities_bomb_throw	percussive	shockwave	5.0	0.0	13.0	24.0		wh2_dlc11_abilies_bomb_throw_explosion	0.0				25.0	true	7.0	wh_main_unit_explosion_light	200.0	1.0	true
wh2_dlc11_character_abilities_cackle_fruit	percussive	shockwave	5.0	0.0	13.0	30.0		wh2_dlc11_abilities_cacklefruit_explosion	0.0			wh2_dlc11_character_abilities_cackle_fruit	25.0	false	7.0	wh_main_unit_explosion_light	200.0	1.0	true
wh2_dlc11_character_abilities_pyromanianc	percussive	shockwave	5.0	0.0	13.0	24.0		wh2_dlc11_ability_pyromaniac	0.0			wh2_dlc11_character_abilities_pyromaniac	25.0	false	12.0	wh_main_unit_explosion_light	200.0	1.0	true
wh2_dlc11_cst_bomb_deckdroppers_explosion	percussive	shockwave	3.0	0.0	13.0	30.0		wh2_dlc11_weapon_gunners_impact	0.0		wh_blasting_charge		25.0	false	10.0	wh_main_unit_explosion_light	200.0	1.0	true
wh2_dlc11_cst_bomb_deckdroppers_ror_explosion	percussive	shockwave	3.0	0.0	13.0	10.0		wh2_dlc11_weapon_gunners_impact	0.0		wh_blasting_charge	wh_dlc06_unit_contact_sundered_armour	25.0	false	26.0	wh_main_unit_explosion_light	200.0	1.0	true
wh2_dlc11_cst_bomb_explosion	percussive	shockwave	3.0	0.0	13.0	15.0		wh2_dlc11_weapon_gunners_impact	0.0		wh_blasting_charge		25.0	false	5.0	wh_main_unit_explosion_light	200.0	1.0	true
wh2_dlc11_cst_luthor_harkon_pistol_explosive	percussive	shockwave	4.0	0.0	13.0	12.0		wh2_dlc11_weapon_gunners_impact	0.0		wh_blasting_charge		0.0	false	5.0	wh_main_unit_explosion_light	110.0	1.0	true
wh2_dlc11_cst_queen_bess	percussive	shockwave	12.0	0.0	12.0	15.0		wh2_dlc11_machine_queen_bess_impact	0.0		wh2_dlc_12_queen_bess	wh2_dlc11_unit_contact_monstrous_impact	10.0	false	75.0	wh_main_unit_explosion_heavy	450.0	-1.0	true
wh2_dlc12_ability_thunderous_one	percussive	shockwave	6.0	1.0	12.0	0.0			0.0		wh2_dlc12_thunderous_one		0.0	true	68.0	wh_main_unit_explosion_light	400.0	-1.0	true
wh2_dlc12_army_abilities_warpstorm_doomrocket	percussive	shockwave	40.0	1.0	40.0	0.0		wh2_dlc12_warpstorm_doomrocket_explosion	0.0		wh2_dlc12_ability_warpstorm_doomrocket		0.0	true	216.0	wh_main_unit_explosion_heavy	700.0	-1.0	true
wh2_dlc12_army_abilities_warpstorm_doomrocket_upgrade	percussive	shockwave	40.0	1.0	40.0	0.0		wh2_dlc12_warpstorm_doomrocket_explosion	0.0		wh2_dlc12_ability_warpstorm_doomrocket	wh2_dlc12_army_abilities_warpstorm_doomrocket	0.0	true	216.0	wh_main_unit_explosion_heavy	700.0	-1.0	true
wh2_dlc12_lord_abilities_drop_sphere_of_tepok	percussive	shockwave	7.0	0.0	14.0	72.0		wh2_dlc12_abilities_drop_sphere_explosion	0.0		wh2_dlc12_drop_sphere_of_tepok	wh2_dlc12_lord_abilities_drop_sphere_of_tepok	0.0	true	36.0	wh_main_unit_explosion_medium	450.0	-1.0	true
wh2_dlc12_lord_abilities_drop_sphere_of_tepok_upgraded	percussive	shockwave	7.0	0.0	14.0	108.0		wh2_dlc12_abilities_drop_sphere_explosion	0.0		wh2_dlc12_drop_sphere_of_tepok	wh2_dlc12_lord_abilities_drop_sphere_of_tepok	0.0	true	52.0	wh_main_unit_explosion_medium	450.0	-1.0	true
wh2_dlc12_lzd_salamander_flame	percussive	shockwave	3.0	0.0	11.0	15.0		wh2_dlc12_lizard_fireball_explosion	0.0		wh2_dlc12_salamander_fireball		25.0	false	2.0	wh_main_unit_explosion_light	100.0	-1.0	true
wh2_dlc12_lzd_salamander_flame_large	percussive	shockwave	7.0	0.0	12.0	85.0		wh2_dlc12_lizard_fireball_large_explosion	0.0		wh2_dlc12_salamander_fireball_large	wh2_dlc12_unit_contact_flammable	25.0	false	34.0	wh_main_unit_explosion_light	350.0	-1.0	true
wh2_dlc12_lzd_salamander_flame_ror	percussive	shockwave	3.0	0.0	11.0	15.0		wh2_dlc12_lizard_ror_fireball_explosion	0.0		wh2_dlc12_salamander_fireball		25.0	false	2.0	wh_main_unit_explosion_light	100.0	-1.0	true
wh2_dlc12_skv_doomwheel_warp_lightning_ror	percussive	shockwave	4.0	0.0	8.0	0.0		wh2_dlc12_machine_doomwheel_blue_impact	0.0		wh_lord_of_the_storm		0.0	true	20.0	wh_main_unit_explosion_medium	75.0	-1.0	true
wh2_dlc12_unit_abilities_drop_rocks_character	percussive	shockwave	5.0	0.0	11.0	54.0		wh2_main_weapon_lzd_drop_rocks_explosion	0.0		wh2_terradon_bomb		0.0	false	36.0	wh_main_unit_explosion_medium	450.0	-1.0	true
wh2_dlc12_unit_abilities_drop_rocks_of_chotec	percussive	shockwave	6.0	0.0	11.0	54.0		wh2_dlc12_abilies_drop_chotec_explosion	0.0		wh2_terradon_bomb	wh2_dlc12_unit_contact_flammable	1.0	false	18.0	wh_main_unit_explosion_medium	450.0	-1.0	true
wh2_dlc12_unit_abilities_drop_rocks_of_sundering	percussive	shockwave	6.0	0.0	11.0	36.0		wh2_dlc12_abilies_drop_sundering_explosion	0.0		wh2_terradon_bomb	wh2_dlc12_unit_contact_sundered_armour	10.0	false	27.0	wh_main_unit_explosion_medium	450.0	-1.0	true
wh2_dlc13_character_abilities_big_boom_explosion	percussive	shockwave	10.0	0.0	13.0	60.0		wh2_dlc13_magical_spherical_explosion_large	0.0		wh2_dlc13_big_boom	wh2_dlc13_character_ability_big_boom_contact	25.0	false	200.0	wh_main_unit_explosion_heavy	200.0	1.0	true
wh2_dlc13_emp_art_mortar_ror_0	percussive	shockwave	6.0	0.0	11.0	60.0		wh2_dlc13_magic_mortar_explosion_large	0.0		wh_mortar		1.0	true	16.0	wh_main_unit_explosion_medium	260.0	-1.0	false
wh2_dlc13_emp_grenade_explosion	percussive	shockwave	3.0	0.0	13.0	12.0		wh_main_generic_spherical_explosion_small	0.0		wh_grenade		25.0	false	28.0	wh_main_unit_explosion_light	230.0	-1.0	true
wh2_dlc13_lord_abilities_fire_arrow	percussive	shockwave	7.0	2.0	8.0	72.0		wh2_dlc13_weapon_fire_arrow_impact	0.0		wh2_dlc13_arrow_of_aqshy		1.0	false	0.0	wh_main_unit_explosion_medium	300.0	-1.0	true
wh2_dlc13_lord_abilities_kill_shot	percussive	shockwave	1.0	1.0	20.0	0.0		wh2_dlc13_abilities_amber_bow_impact	0.0		wh2_dlc13_deathblow		0.0	false	50.0	wh_main_unit_explosion_light	200.0	-1.0	true
wh2_dlc13_lord_abilities_oil_flask	percussive	shockwave	7.0	0.0	13.0	3.0		wh2_dlc13_abilities_oil_flask_explosion	0.0		wh2_dlc13_oil_flask	wh2_dlc13_lord_abilities_oil_flask	1.0	false	1.0	wh_main_unit_explosion_light	200.0	1.0	true
wh2_dlc13_weapon_abilities_amber_bow	percussive	shockwave	1.0	1.0	10.0	30.0		wh2_dlc13_abilities_amber_bow_impact	0.0				0.0	true	65.0	wh_main_unit_explosion_light	60.0	-1.0	true
wh2_dlc14_character_abilities_cracklebomb	percussive	shockwave	7.0	0.0	13.0	60.0		wh2_main_ruin_warp_lightning_impact	0.0		wh2_dlc14_ability_cracklebomb		25.0	true	20.0	wh_main_unit_explosion_light	200.0	1.0	true
wh2_dlc14_def_medusa_gaze	percussive	shockwave	8.0	0.5	50.0	120.0			0.0		wh2_dlc14_medusa_gaze_explosion		0.0	true	60.0	wh_main_unit_explosion_medium	60.0	-1.0	true
wh2_dlc14_emp_rocket_explosion_sunmaker	percussive	shockwave	6.0	0.0	11.0	22.0		wh_main_generic_spherical_explosion_large	0.0		wh_rocket		1.0	false	51.0	wh_main_unit_explosion_medium	200.0	-1.0	true
wh2_dlc14_lord_abilities_reaper_of_souls_miscast	percussive	shockwave	2.0	0.0	5.0	0.0		wh2_dlc14_abilities_reaper_of_souls	0.0			wh2_dlc14_lord_abilities_reaper_of_souls_miscast	0.0	false	0.0		1.0	-1.0	true
wh2_dlc14_lord_abilities_the_daemons_curse_miscast	percussive	shockwave	2.0	0.0	5.0	0.0			0.0			wh2_dlc14_lord_abilities_the_daemons_curse_miscast	0.0	false	0.0		1.0	-1.0	true
wh2_dlc14_skv_poison_wind_mortar	percussive	shockwave	6.0	0.0	20.0	3.0		wh2_dlc14_poisoned_wind_mortar_impact	0.0		wh2_dlc14_poison_wind_globe	wh2_dlc14_unit_contact_poisoned_wind	0.0	true	24.0	wh_main_unit_explosion_medium	260.0	-1.0	true
wh2_dlc14_skv_poison_wind_mortar_alt	percussive	shockwave	6.0	0.0	20.0	3.0		wh2_dlc14_poisoned_wind_mortar_impact	0.0		wh2_dlc14_poison_wind_globe	wh2_dlc14_unit_contact_poisoned_wind_alt	0.0	true	24.0	wh_main_unit_explosion_medium	260.0	-1.0	true
wh2_dlc14_skv_poison_wind_mortar_ror	fuse	shockwave	1.0	1.0	10.0	94.0	wh2_dlc14_skv_poison_wind_mortar_ror_shrapnel	wh2_dlc14_poisoned_wind_mortar_ror_impact	50.0		wh2_dlc14_poison_wind_globe_ROR		0.0	true	198.0	wh_main_unit_explosion_light	120.0	-1.0	true
wh2_dlc14_skv_poison_wind_mortar_ror_alt	fuse	shockwave	1.0	1.0	10.0	94.0	wh2_dlc14_skv_poison_wind_mortar_ror_shrapnel_alt	wh2_dlc14_poisoned_wind_mortar_ror_impact	50.0		wh2_dlc14_poison_wind_globe_ROR	wh2_dlc14_unit_contact_poisoned_wind_alt	0.0	true	198.0	wh_main_unit_explosion_light	120.0	-1.0	true
wh2_dlc14_skv_poison_wind_mortar_ror_shrapnel	percussive	shockwave	3.0	0.0	15.0	9.0		wh2_dlc14_poisoned_wind_mortar_ror_shrapnel_impact	0.0		wh2_dlc14_poison_wind_globe_RoR_shrapnel		0.0	true	33.0	wh_main_unit_explosion_light	65.0	-1.0	true
wh2_dlc14_skv_poison_wind_mortar_ror_shrapnel_alt	percussive	shockwave	3.0	0.0	15.0	9.0		wh2_dlc14_poisoned_wind_mortar_ror_shrapnel_impact	0.0		wh2_dlc14_poison_wind_globe_RoR_shrapnel	wh2_dlc14_unit_contact_poisoned_wind_alt	0.0	true	33.0	wh_main_unit_explosion_light	65.0	-1.0	true
wh2_dlc14_spell_bound_warpfireball	percussive	shockwave	3.0	1.0	11.0	144.0		wh2_dlc14_warp_fireball_explosion	0.0		wh_main_spell_fire_fireball		1.0	true	0.0	wh_main_unit_explosion_light	450.0	-1.0	true
wh2_dlc14_spell_stealth_warp_stars	percussive	shockwave	1.0	1.0	5.0	30.0		wh2_dlc14_spell_stealth_warp_stars	0.0				0.0	true	45.0	wh_main_unit_explosion_light	50.0	-1.0	true
wh2_dlc14_spell_stealth_warp_stars_upgraded	percussive	shockwave	1.0	1.0	5.0	30.0		wh2_dlc14_spell_stealth_warp_stars_upgraded	0.0				0.0	true	45.0	wh_main_unit_explosion_light	75.0	-1.0	true
wh2_dlc14_stealth_miscast	percussive	shockwave	3.0	1.0	12.0	288.0		wh_main_generic_miscast	0.0		wh2_magic_miscast_generic		0.0	true	300.0	wh_main_unit_explosion_light	150.0	-1.0	true
wh2_dlc14_unit_abilities_doppelgang_miscast	percussive	shockwave	2.0	1.0	20.0	0.0			0.0			wh2_dlc14_unit_abilities_doppelgang	0.0	false	0.0		1.0	-1.0	true
wh2_dlc15_abilities_grn_swamp_breath	percussive	shockwave	5.0	0.0	11.0	0.0			0.0		none		0.0	false	54.0	wh_main_unit_explosion_light	120.0	-1.0	true
wh2_dlc15_army_abilities_doom_diver_strike_explosion	percussive	carcass	1.0	0.0	10.0	60.0			0.0				0.0	false	30.0	wh_main_unit_explosion_medium	100.0	-1.0	true
wh2_dlc15_grn_arrow_explosion	percussive	shockwave	2.0	0.0	13.0	3.0		wh2_dlc11_weapon_gunners_impact	0.0		wh_blasting_charge		25.0	false	1.0	wh_main_unit_explosion_light	200.0	1.0	true
wh2_dlc15_grn_rogue_idol_explosion_ror	percussive	shockwave	6.0	0.0	10.0	55.0		wh2_dlc15_rogue_boulder_explosion	0.0		wh2_dlc15_rogue_idol_projectile_explosion		0.0	false	85.0	wh_main_unit_explosion_heavy	200.0	-1.0	true
wh2_dlc15_grn_rogue_idol_ror_boulder_explosion	percussive	shockwave	6.0	0.0	10.0	55.0		wh_dlc03_cygor_boulder_explosion	0.0				0.0	false	85.0	wh_main_unit_explosion_heavy	200.0	-1.0	true
wh2_dlc15_hef_black_dragon_explosion_imrik	percussive	shockwave	5.0	0.0	11.0	40.0			0.0		wh2_dragon_breath_poison	wh2_dlc15_unit_contact_shackolot_breath	0.0	false	15.0	wh_main_unit_explosion_medium	50.0	-1.0	true
wh2_dlc15_hef_sun_dragon_explosion_imrik	percussive	shockwave	10.0	0.0	11.0	62.0			0.0		wh2_dragon_breath_fire		1.0	false	25.0	wh_main_unit_explosion_medium	190.0	-1.0	true
wh2_dlc15_lord_passive_mistwalkers_barrage	percussive	shockwave	1.0	1.0	10.0	0.0			0.0				0.0	true	50.0	wh_main_unit_explosion_light	60.0	-1.0	false
wh2_dlc15_unit_abilities_arachneruption	percussive	shockwave	3.0	1.0	12.0	0.0		wh_main_fire_piercing_bolts_of_burning_explode	0.0		wh2_dlc15_arachneruption_explosion		1.0	true	90.0	wh_main_unit_explosion_light	400.0	-1.0	true
wh2_dlc15_unit_passive_giant_explodin_spores	percussive	shockwave	10.0	0.0	50.0	6.0		wh2_dlc15_abilities_giant_exploding_spores	0.0		wh2_DLC15_giant_explodin_spores_explosion		1.0	false	6.0	wh_main_unit_explosion_medium	700.0	-1.0	true
wh2_dlc15_unit_passive_rubble_and_ruin_bombardment	percussive	shockwave	4.0	0.0	12.0	0.0			0.0		wh2_dlc15_rubble_and_ruin_impact		0.0	false	30.0	wh_main_unit_explosion_medium	260.0	-1.0	true
wh2_dlc_09_character_abilities_stay_here_ill_get_help_miscast	percussive	shockwave	2.0	1.0	20.0	0.0			0.0			wh2_dlc09_character_abilities_stay_here_ill_get_help_miscast	0.0	false	0.0		1.0	-1.0	true
wh2_main_army_abilities_bloodwrack_cauldron	percussive	shockwave	18.0	1.0	18.0	0.0			0.0		wh2_main_ability_bloodwrack_cauldron		0.0	true	72.0	wh_main_unit_explosion_heavy	500.0	-1.0	true
wh2_main_army_abilities_bolt_of_spite	percussive	shockwave	6.0	1.0	11.0	180.0		wh2_main_abilities_bolt_of_spite_explosion	0.0		wh_main_spell_fire_fireball		0.0	true	0.0	wh_main_unit_explosion_light	450.0	-1.0	true
wh2_main_army_abilities_brazen_cauldron	percussive	shockwave	18.0	1.0	18.0	0.0			0.0		wh2_main_ability_brazen_cauldron		0.0	true	48.0	wh_main_unit_explosion_heavy	500.0	-1.0	true
wh2_main_army_abilities_khaines_flail	percussive	shockwave	6.0	1.0	11.0	0.0			0.0		wh_urannons_thunderbolt		0.0	true	68.0	wh_main_unit_explosion_light	450.0	-1.0	true
wh2_main_army_abilities_khaines_lash	percussive	shockwave	6.0	1.0	11.0	0.0			0.0		wh_urannons_thunderbolt		0.0	true	68.0	wh_main_unit_explosion_light	450.0	-1.0	true
wh2_main_army_abilities_khaines_scourge	percussive	shockwave	6.0	1.0	11.0	0.0			0.0		wh_urannons_thunderbolt		0.0	true	68.0	wh_main_unit_explosion_light	450.0	-1.0	true
wh2_main_army_abilities_sky_cauldron	percussive	shockwave	18.0	1.0	18.0	0.0			0.0		wh2_main_ability_sky_cauldron		0.0	true	24.0	wh_main_unit_explosion_heavy	500.0	-1.0	true
wh2_main_army_abilities_soul_rain	percussive	shockwave	3.0	1.0	12.0	0.0		wh2_main_abilities_soul_rain_explosion	0.0		wh2_main_ability_soul_rain		0.0	true	36.0	wh_main_unit_explosion_light	400.0	-1.0	true
wh2_main_army_abilities_soul_storm	percussive	shockwave	3.0	1.0	12.0	0.0		wh2_main_abilities_soul_storm_explosion	0.0		wh2_main_ability_soul_storm		0.0	true	36.0	wh_main_unit_explosion_light	400.0	-1.0	true
wh2_main_army_abilities_soul_torrent	percussive	shockwave	3.0	1.0	12.0	0.0		wh2_main_abilities_soul_torrent_explosion	0.0		wh2_main_ability_soul_torrent		0.0	true	36.0	wh_main_unit_explosion_light	400.0	-1.0	true
wh2_main_army_abilities_vauls_hammer	percussive	shockwave	1.0	0.0	10.0	0.0		wh2_main_abilities_vauls_hammer	0.0		wh2_main_ability_vauls_hammer		1.0	false	11000.0	wh2_vauls_hammer	400.0	-1.0	true
wh2_main_army_abilities_vortic_blast	percussive	shockwave	12.0	1.0	12.0	0.0	skaven_bomb	wh2_main_abilities_vortic_blast	0.0		wh2_main_ability_vortic_blast		1.0	false	132.0	wh_main_unit_explosion_heavy	500.0	-1.0	true
wh2_main_army_abilities_vortic_blast_shrapnel	percussive	shockwave	2.0	1.0	12.0	0.0		wh2_main_abilities_vortic_blast_shrapnel_explosion	0.0		wh_bomb		1.0	false	132.0	wh_main_unit_explosion_medium	400.0	-1.0	true
wh2_main_army_abilities_vortic_enrichment	percussive	shockwave	28.0	4.0	12.0	0.0	heal_splosion	wh2_main_abilities_vortic_enrichment	0.0		wh2_main_ability_vortic_enrichment	wh2_main_unit_contact_healing_heavy	0.0	false	0.0	wh_main_unit_explosion_light	20.0	-1.0	true
wh2_main_army_abilities_vortic_enrichment_shrapnel	percussive	shockwave	2.0	1.0	12.0	0.0		wh2_main_abilities_vortic_enrichment_shrapnel_explosion	0.0		wh_bomb	wh2_main_unit_contact_healing_light	0.0	false	0.0	wh_main_unit_explosion_light	10.0	-1.0	true
wh2_main_army_abilities_warpbomb	percussive	shockwave	2.0	0.0	100.0	0.0			0.0			wh2_main_unit_contact_kill_self	1.0	true	0.0	wh_main_unit_explosion_medium	0.0	-1.0	true
wh2_main_bound_doombolt	percussive	shockwave	7.0	1.0	11.0	0.0		wh2_main_dark_doombolt_impact	0.0		wh_main_spell_dark_magic_doombolt		0.0	true	44.0	wh_main_unit_explosion_light	450.0	-1.0	true
wh2_main_bound_shems_burning_gaze	percussive	shockwave	1.0	1.0	5.0	20.0		wh_main_light_shems_burning_gaze_explosion	0.0		wh_generic_small		1.0	true	45.0	wh_main_unit_explosion_light	40.0	-1.0	true
wh2_main_bound_urannons_thunderbolt	percussive	shockwave	6.0	1.0	12.0	0.0			0.0		wh_urannons_thunderbolt		0.0	true	68.0	wh_main_unit_explosion_light	400.0	-1.0	true
wh2_main_character_abilities_volley_of_dark_arrows	percussive	shockwave	4.0	1.0	10.0	0.0		wh2_main_ability_def_volley_arrows_explosion	0.0		wh_generic_small		0.0	true	150.0	wh_main_unit_explosion_light	150.0	-1.0	true
wh2_main_character_abilities_volley_of_high_arrows	percussive	shockwave	4.0	1.0	10.0	0.0		wh2_main_ability_hef_volley_arrows_explosion	0.0		wh_generic_small		0.0	true	150.0	wh_main_unit_explosion_light	150.0	-1.0	true
wh2_main_character_passive_fallen_mages	percussive	shockwave	3.0	1.0	10.0	288.0		wh2_main_mage_death	0.0		wh_generic_small		0.0	true	300.0	wh_main_unit_explosion_light	150.0	-1.0	true
wh2_main_chs_chaos_dragon_explosion	percussive	shockwave	5.0	0.0	11.0	17.0			0.0		wh2_dragon_breath_dark		1.0	false	29.0	wh_main_unit_explosion_medium	170.0	-1.0	true
wh2_main_def_black_dragon_explosion	percussive	shockwave	5.0	0.0	11.0	36.0			0.0		wh2_dragon_breath_poison	wh2_main_unit_contact_noxious_breath	0.0	false	15.0	wh_main_unit_explosion_medium	50.0	-1.0	true
wh2_main_def_war_hydra_explosion	percussive	shockwave	4.0	0.0	11.0	36.0			0.0		wh2_dragon_breath_fire		1.0	false	20.0	wh_main_unit_explosion_medium	120.0	-1.0	true
wh2_main_hef_moon_dragon_explosion	percussive	shockwave	5.0	0.0	11.0	37.0			0.0		wh2_dragon_breath_fire		1.0	false	20.0	wh_main_unit_explosion_medium	170.0	-1.0	true
wh2_main_hef_star_dragon_explosion	percussive	shockwave	5.0	0.0	11.0	19.0			0.0		wh2_dragon_breath_dark		1.0	false	31.0	wh_main_unit_explosion_medium	170.0	-1.0	true
wh2_main_hef_sun_dragon_explosion	percussive	shockwave	5.0	0.0	11.0	31.0			0.0		wh2_dragon_breath_fire		1.0	false	15.0	wh_main_unit_explosion_medium	170.0	-1.0	true
wh2_main_hero_abilities_doomrocket	fuse	shockwave	6.0	1.0	10.0	52.0	doom_shrapnel	wh2_main_abilities_doomrocket_impact	40.0		wh_rocket		1.0	true	26.0	wh_main_unit_explosion_light	150.0	-1.0	true
wh2_main_hero_abilities_doomrocket_shrapnel	percussive	shockwave	6.0	1.0	10.0	52.0		wh2_main_abilities_doomrocket_shrapnel_impact	-1.0		wh_rocket		1.0	true	26.0	wh_main_unit_explosion_light	150.0	1.0	true
wh2_main_lzd_bastiladon_solar_engine	percussive	shockwave	4.0	1.0	10.0	154.0		wh2_main_weapon_solar_engine_explosion	0.0		wh2_dlc12_solar_engine		1.0	true	66.0	wh_main_unit_explosion_medium	200.0	-1.0	true
wh2_main_rebirth_miscast	percussive	shockwave	1.0	1.0	10.0	0.0			0.0			wh2_main_unit_passive_rebirth_miscast	0.0	false	0.0		0.0	-1.0	true
wh2_main_skaven_miscast	percussive	shockwave	3.0	1.0	12.0	288.0		wh2_dlc12_skv_miscast	0.0		wh2_magic_miscast_generic		0.0	true	300.0	wh_main_unit_explosion_light	150.0	-1.0	true
wh2_main_skv_death_globe	percussive	shockwave	3.0	0.0	15.0	9.0		wh2_main_death_cloud_impact	0.0	empty	none		0.0	true	33.0	wh_main_unit_explosion_light	65.0	-1.0	true
wh2_main_skv_doomwheel_warp_lightning	percussive	shockwave	4.0	0.0	8.0	0.0		wh2_main_machine_warp_lightning_doomwheel_impact	0.0		wh_lord_of_the_storm		0.0	true	20.0	wh_main_unit_explosion_medium	75.0	-1.0	true
wh2_main_skv_plagueclaw	percussive	shockwave	5.0	0.0	11.0	35.0		wh2_main_machine_plagueclaw_catapult_impact	0.0		wh2_plagueclaw_catapult	wh2_main_unit_contact_plague_monk_censer_morale	0.0	true	70.0	wh_main_unit_explosion_medium	180.0	-1.0	true
wh2_main_skv_poison_wind_globe	percussive	shockwave	2.0	0.0	15.0	6.0			0.0		none	wh2_dlc14_unit_contact_poisoned_wind	0.0	true	22.0	wh_main_unit_explosion_light	30.0	-1.0	true
wh2_main_skv_smoke_bomb	percussive	shockwave	4.0	0.0	8.0	10.0		wh2_main_noxious_cloud_impact	0.0	empty	wh_bomb	wh_main_unit_contact_poison	0.0	false	5.0	wh_main_unit_explosion_light	10.0	-1.0	true
wh2_main_skv_warlock_doomrocket	percussive	shockwave	7.0	0.0	11.0	70.0		wh_main_generic_spherical_explosion_large	0.0		wh_rocket		0.0	false	35.0	wh_main_unit_explosion_medium	200.0	-1.0	true
wh2_main_skv_warp_lightning	percussive	shockwave	2.0	0.0	12.0	5.0		wh2_main_machine_warp_lightning_cannon_explosion	0.0		wh2_dlc12_warplightning_cannon		0.0	true	20.0	wh_main_unit_explosion_medium	70.0	-1.0	true
wh2_main_skv_warpfire	percussive	shockwave	3.0	0.0	14.0	20.0		wh2_main_weapon_warpfire_thrower_explosion	0.0				1.0	true	7.0	wh_main_unit_explosion_medium	40.0	-1.0	true
wh2_main_skv_warpfire_ikit	percussive	shockwave	5.0	0.0	11.0	150.0		wh2_main_weapon_warpfire_thrower_explosion	0.0				1.0	true	66.0	wh_main_unit_explosion_medium	170.0	-1.0	true
wh2_main_spell_dark_magic_doombolt	percussive	shockwave	7.0	1.0	11.0	0.0		wh2_main_dark_doombolt_impact	0.0		wh_main_spell_dark_magic_doombolt		0.0	true	132.0	wh_main_unit_explosion_light	450.0	-1.0	true
wh2_main_spell_dark_magic_soul_stealer_miscast	percussive	shockwave	2.0	1.0	20.0	0.0		wh2_main_dark_soul_stealer_entity_miscast	0.0		wh2_magic_miscast_generic	wh2_main_spell_dark_magic_soul_stealer_miscast	0.0	false	0.0		1.0	-1.0	true
wh2_main_spell_high_magic_soul_quench	percussive	shockwave	5.0	1.0	5.0	180.0		wh2_main_high_soul_quench_explosion	0.0		wh2_main_spell_high_magic_soul_quench		0.0	true	0.0	wh_main_unit_explosion_light	70.0	-1.0	true
wh2_main_spell_high_magic_soul_quench_upgraded	percussive	shockwave	8.0	1.0	5.0	306.0		wh2_main_high_soul_quench_explosion	0.0		wh2_main_spell_high_magic_soul_quench		0.0	true	0.0	wh_main_unit_explosion_light	90.0	-1.0	true
wh2_main_spell_plague_the_dreaded_thirteenth_spell	percussive	shockwave	20.0	1.0	20.0	54.0	dreaded_fireworks	wh2_main_plague_dreaded_thirteenth_spell	0.0				0.0	true	27.0	wh_main_unit_explosion_heavy	170.0	-1.0	false
wh2_main_spell_plague_the_dreaded_thirteenth_spell_shrapnel	percussive	shockwave	6.0	1.0	6.0	26.0		wh2_main_abilities_doomrocket_shrapnel_impact	-1.0		wh_rocket		0.0	true	0.0	wh_main_unit_explosion_light	170.0	0.5	true
wh2_main_spell_plague_vermintide	percussive	shockwave	8.0	1.0	14.0	0.0			0.0				1.0	false	0.0	wh_main_unit_explosion_heavy	170.0	-1.0	false
wh2_main_spell_ruin_warp_lightning	percussive	shockwave	5.0	0.0	12.0	0.0		wh2_main_ruin_warp_lightning_impact	0.0		wh_main_spell_ruin_warp_lightning		0.0	true	24.0	wh_main_unit_explosion_medium	400.0	-1.0	true
wh2_main_tower_def_fireball_explosion_1	percussive	shockwave	4.0	0.0	7.0	65.0		wh_main_generic_spherical_explosion_large	0.0		wh_main_spell_fire_fireball		1.0	true	35.0	wh_main_unit_explosion_light	100.0	-1.0	true
wh2_main_tower_def_fireball_explosion_2	percussive	shockwave	5.0	0.0	7.0	70.0		wh_main_generic_spherical_explosion_large	0.0		wh_main_spell_fire_fireball		1.0	true	50.0	wh_main_unit_explosion_light	150.0	-1.0	true
wh2_main_tower_hef_quench_explosion_1	percussive	shockwave	4.0	0.0	7.0	65.0		wh2_main_high_soul_quench_explosion	0.0		wh2_tower_hef_explosion		0.0	true	35.0	wh_main_unit_explosion_light	100.0	-1.0	true
wh2_main_tower_hef_quench_explosion_2	percussive	shockwave	5.0	0.0	7.0	70.0		wh2_main_high_soul_quench_explosion	0.0		wh2_tower_hef_explosion		0.0	true	50.0	wh_main_unit_explosion_light	150.0	-1.0	true
wh2_main_tower_lzd_shems_explosion_1	percussive	shockwave	4.0	0.0	7.0	65.0		wh_main_light_shems_burning_gaze_explosion	0.0		wh_generic_small		1.0	true	35.0	wh_main_unit_explosion_light	100.0	-1.0	true
wh2_main_tower_lzd_solar_explosion	percussive	shockwave	5.0	0.0	7.0	70.0		wh2_main_weapon_solar_engine_explosion	0.0		wh2_dlc12_solar_engine		1.0	true	50.0	wh_main_unit_explosion_medium	150.0	-1.0	true
wh2_main_tower_skv_doomrocket	percussive	shockwave	5.0	0.0	7.0	70.0		wh2_main_abilities_doomrocket_shrapnel_impact	0.0		wh_rocket		1.0	true	50.0	wh_main_unit_explosion_light	150.0	-1.0	true
wh2_main_tower_skv_warp_lightning	percussive	shockwave	4.0	0.0	7.0	65.0		wh2_main_ruin_warp_lightning_impact	0.0		wh_main_spell_ruin_warp_lightning		0.0	true	35.0	wh_main_unit_explosion_medium	100.0	-1.0	true
wh2_main_unit_abilities_drop_rocks	percussive	shockwave	5.0	0.0	11.0	36.0		wh2_main_weapon_lzd_drop_rocks_explosion	0.0		wh2_terradon_bomb		0.0	false	18.0	wh_main_unit_explosion_medium	450.0	-1.0	true
wh2_main_unit_abilities_wake_of_fire	percussive	shockwave	6.0	0.0	11.0	88.0		wh2_main_abilities_wake_of_fire_explosion	0.0		wh_bomb		1.0	false	0.0	wh_main_unit_explosion_medium	450.0	-1.0	true
wh2_main_unit_lzd_terradon_fireleech_bola_explosion	percussive	shockwave	4.0	0.0	11.0	27.0		wh_main_generic_spherical_explosion_small	0.0		wh_grenade		25.0	false	11.0	wh_main_unit_explosion_light	120.0	-1.0	true
wh2_main_vmp_terrorgheist_breath_explosion	percussive	shockwave	4.0	0.0	11.0	12.0			0.0		wh2_dragon_breath_fire	wh_main_unit_contact_overhead_morale	0.0	true	31.0	wh_main_unit_explosion_medium	100.0	-1.0	true
wh2_main_vmp_zombie_dragon_explosion	percussive	shockwave	5.0	0.0	11.0	37.0			0.0		wh2_dragon_breath_zombie	wh2_main_unit_contact_noxious_breath	0.0	false	20.0	wh_main_unit_explosion_medium	50.0	-1.0	true
wh2_main_weapon_abilities_bow_of_the_seafarer	percussive	shockwave	4.0	1.0	10.0	0.0		wh2_main_abilities_bow_of_the_seafarer_explosion	0.0		wh_generic_small		0.0	true	26.0	wh_main_unit_explosion_light	150.0	-1.0	true
wh2_main_weapon_bound_reaver_bow	percussive	shockwave	6.0	0.0	13.0	0.0		wh_dlc05_abilities_hail_of_doom_explosion	0.0		wh_main_spell_fire_fireball		0.0	true	45.0	wh_main_unit_explosion_medium	70.0	-1.0	true
wh2_main_wef_forest_dragon_explosion	percussive	shockwave	5.0	0.0	11.0	36.0			0.0		wh2_dragon_breath_poison	wh2_main_unit_contact_noxious_breath	0.0	false	17.0	wh_main_unit_explosion_medium	50.0	-1.0	true
wh2_pro08_character_passive_heroic_fortitude_miscast	percussive	shockwave	2.0	1.0	20.0	0.0			0.0			wh2_pro08_character_passive_heroic_fortitude_miscast	0.0	false	0.0		1.0	-1.0	true
wh_dlc03_bst_cygor_boulder_explosion	percussive	shockwave	6.0	0.0	10.0	55.0		wh_dlc03_cygor_boulder_explosion	0.0		wh_large_rock		0.0	false	85.0	wh_main_unit_explosion_heavy	200.0	-1.0	true
wh_dlc03_bst_cygor_boulder_explosion_boss	percussive	shockwave	12.0	0.0	10.0	25.0	wh_dlc03_bst_cygor_boulder_boss_split	wh_dlc03_cygor_boulder_explosion	0.0		wh_large_rock		0.0	false	25.0	wh_main_unit_explosion_heavy	200.0	0.0	true
wh_dlc03_bst_cygor_boulder_explosion_boss_minor	percussive	shockwave	6.0	0.0	10.0	40.0	wh_dlc03_bst_cygor_boulder_boss_split_split	wh_dlc03_cygor_boulder_explosion	0.0		none		0.0	false	20.0	wh_main_unit_explosion_heavy	200.0	0.0	true
wh_dlc03_bst_cygor_boulder_explosion_boss_minor_minor	percussive	shockwave	3.0	0.0	10.0	55.0		wh_dlc03_cygor_boulder_explosion	0.0		none		0.0	false	20.0	wh_main_unit_explosion_heavy	200.0	0.0	true
wh_dlc03_grn_squig_explosion	percussive	shockwave	20.0	2.0	140.0	100.0		wh_dlc06_kamakaze_squig_explosion	0.0		wh2_dlc15_squig_explosion		0.0	true	200.0	wh_main_unit_explosion_light	200.0	-1.0	true
wh_dlc03_spell_beast_the_amber_spear	percussive	shockwave	2.0	1.0	10.0	0.0		wh_dlc03_amber_spear_explosion	0.0				0.0	true	108.0	wh_main_unit_explosion_medium	125.0	-1.0	true
wh_dlc03_spell_beast_the_amber_spear_upgraded	percussive	shockwave	4.0	1.0	10.0	0.0		wh_dlc03_amber_spear_explosion	0.0				0.0	true	216.0	wh_main_unit_explosion_medium	150.0	-1.0	true
wh_dlc03_spell_beasts_miscast	percussive	shockwave	3.0	1.0	12.0	288.0		wh_main_generic_miscast	0.0		wh2_magic_miscast_generic		0.0	true	300.0	wh_main_unit_explosion_light	150.0	-1.0	true
wh_dlc03_spell_wild_miscast	percussive	shockwave	3.0	1.0	12.0	288.0		wh_main_generic_miscast	0.0		wh2_magic_miscast_generic		0.0	true	300.0	wh_main_unit_explosion_light	150.0	-1.0	true
wh_dlc05_item_abilities_hail_of_doom_arrow	percussive	shockwave	6.0	0.0	13.0	0.0		wh_dlc05_abilities_hail_of_doom_explosion	0.0		wh_main_spell_fire_fireball		0.0	true	45.0	wh_main_unit_explosion_medium	70.0	-1.0	true
wh_dlc05_spell_life_miscast	percussive	shockwave	3.0	1.0	12.0	288.0		wh_main_generic_miscast	0.0		wh2_magic_miscast_generic		0.0	true	300.0	wh_main_unit_explosion_light	150.0	-1.0	true
wh_dlc05_spell_shadow_penumbral_pendulum	percussive	shockwave	12.0	2.0	40.0	90.0			0.0		wh_comet_of_cas		0.0	true	128.0	wh_main_unit_explosion_heavy	100.0	-1.0	true
wh_dlc05_spell_shadow_penumbral_pendulum_upgrade	percussive	shockwave	12.0	2.0	40.0	90.0			0.0		wh_comet_of_cas		0.0	true	256.0	wh_main_unit_explosion_heavy	100.0	-1.0	true
wh_dlc05_weapon_abilities_bow_of_loren	percussive	shockwave	5.0	0.0	11.0	0.0		wh_dlc05_wef_magic_explosion	0.0		wh_main_spell_fire_fireball		0.0	true	30.0	wh_main_unit_explosion_medium	450.0	-1.0	true
wh_dlc05_weapon_abilities_hawks_talon	percussive	shockwave	3.0	1.0	12.0	0.0		wh_dlc05_abilities_hail_of_doom_explosion	0.0		wh_main_spell_fire_fireball		0.0	true	60.0	wh_main_unit_explosion_medium	450.0	-1.0	true
wh_dlc05_weapon_abilities_lamentation_of_despair	percussive	shockwave	5.0	0.0	13.0	0.0		wh_dlc05_ability_lamentation_of_despair_explosion	0.0		wh_main_spell_fire_fireball		0.0	true	57.0	wh_main_unit_explosion_medium	70.0	-1.0	true
wh_dlc05_wef_arrow_of_kurnous	percussive	shockwave	4.0	1.0	10.0	0.0		wh_dlc05_ability_arrow_of_kurnous_explosion	0.0		wh_generic_small		0.0	true	150.0	wh_main_unit_explosion_light	150.0	-1.0	true
wh_dlc06_dwf_inf_drakegun_skolder_explosion	percussive	shockwave	3.0	0.0	14.0	12.0		wh_main_steam_explosion_medium	0.0		wh_copter_steamgun		0.0	false	28.0	wh_main_unit_explosion_light	40.0	-1.0	true
wh_dlc06_weapon_abilities_skarsniks_prodder	percussive	shockwave	8.0	1.0	13.0	0.0	skarsnik_prodder_mini	wh_dlc06_skarsnik_explosion	0.0		wh_generic_small		0.0	true	68.0	wh_main_unit_explosion_light	40.0	-1.0	true
wh_dlc06_weapon_abilities_skarsniks_prodder_mini	percussive	shockwave	5.0	1.0	13.0	24.0		wh_dlc06_skarsnik_explosion_mini	0.0		wh_blasting_charge		0.0	true	40.0	wh_main_unit_explosion_light	70.0	-1.0	true
wh_dlc07_brt_blessed_stone_explosion	percussive	shockwave	6.0	0.0	10.0	60.0		wh_dlc07_blessed_stone_impact	0.0		wh_large_rock		0.0	true	16.0	wh_main_unit_explosion_light	100.0	-1.0	false
wh_dlc07_item_abilities_chalice_of_potions	percussive	shockwave	18.0	1.0	18.0	0.0			0.0		wh_dlc07_ability_chalice_of_potions		0.0	true	48.0	wh_main_unit_explosion_heavy	500.0	-1.0	true
wh_dlc08_abilities_lightening_down	percussive	shockwave	6.0	0.0	8.0	0.0		wh_dlc08_abilities_lightening_down_explosion	0.0		wh_dlc08_lightening_down		0.0	true	20.0	wh_main_unit_explosion_medium	75.0	0.0	true
wh_dlc08_abilities_nor_copious_vomit	percussive	shockwave	5.0	0.0	11.0	0.0			0.0		none		0.0	false	27.0	wh_main_unit_explosion_light	120.0	-1.0	true
wh_dlc08_grn_giant_terror	percussive	shockwave	30.0	2.0	140.0	50.0		wh_dlc08_ability_exploding_fart	0.0		wh_explosive_fart		0.0	false	60.0	wh_main_unit_explosion_medium	200.0	0.0	true
wh_dlc08_nor_hellcannon_ice	percussive	shockwave	7.0	0.0	12.0	30.0		wh_dlc08_weapon_hellcannon_ice_explosion	0.0		wh_dlc10_nor_ice_cannon_explosion	wh_main_unit_contact_overhead_morale	0.0	true	90.0	wh_main_unit_explosion_medium	350.0	0.0	true
wh_dlc08_weapon_passive_stinky_giant_club	percussive	shockwave	20.0	2.0	140.0	5.0		wh_dlc08_ability_exploding_fart	0.0		wh_explosive_fart		0.0	true	1.0	wh_main_unit_explosion_light	200.0	0.0	true
wh_dlc09_weapon_abilities_venom_staff_explosion	percussive	shockwave	7.0	1.0	12.0	0.0	wh_dlc09_weapon_abilities_venom_staff_explosion	wh2_dlc09_abilities_venom_staff_explosion	0.0			wh_main_unit_contact_poison	0.0	true	68.0	wh_main_unit_explosion_light	70.0	-1.0	true
wh_dlc09_weapon_abilities_venom_staff_explosion_mini	percussive	shockwave	5.0	1.0	9.0	0.0		wh2_dlc09_abilities_venom_staff_impact	0.0		wh2_dlc09_abilities_venom_staff_impact_secondary	wh_main_unit_contact_poison	0.0	true	40.0	wh_main_unit_explosion_light	40.0	-1.0	true
wh_main_big_waaagh_miscast	percussive	shockwave	3.0	1.0	12.0	288.0		wh_main_generic_miscast	0.0		wh2_magic_miscast_generic		0.0	true	300.0	wh_main_unit_explosion_light	150.0	-1.0	true
wh_main_bound_spell_solheims_bolt_of_illumination	percussive	shockwave	6.0	1.0	10.0	270.0		wh_main_bolt_of_illumination_explosion	0.0		wh2_dlc13_luminark		1.0	true	630.0	wh_main_unit_explosion_light	150.0	-1.0	true
wh_main_brt_trebuchet_stone_explosion	percussive	shockwave	4.0	0.0	12.0	50.0			0.0		wh_large_rock		0.0	false	70.0	wh_main_unit_explosion_medium	220.0	-1.0	true
wh_main_chs_hellcannon	percussive	shockwave	7.0	0.0	12.0	30.0		wh_main_weapon_hellcannon_explosion	0.0		wh_soul	wh_main_unit_contact_overhead_morale	0.0	true	90.0	wh_main_unit_explosion_medium	350.0	-1.0	true
wh_main_death_miscast	percussive	shockwave	3.0	1.0	12.0	288.0		wh_main_generic_miscast	0.0		wh2_magic_miscast_generic		0.0	true	300.0	wh_main_unit_explosion_light	150.0	-1.0	true
wh_main_dwf_blasting_charge_explosion	percussive	shockwave	3.0	0.0	13.0	24.0		wh_main_generic_explosion_mine	0.0		wh_blasting_charge		25.0	false	7.0	wh_main_unit_explosion_light	200.0	1.0	true
wh_main_dwf_cinderblast_explosion	percussive	shockwave	3.0	0.0	13.0	30.0		wh_main_generic_explosion_mine	0.0		wh_blasting_charge		0.0	false	12.0	wh_main_unit_explosion_light	200.0	-1.0	true
wh_main_dwf_clattergun	percussive	shockwave	2.0	0.0	10.0	8.0		wh_main_weapon_trollhammer_explosion	0.0		wh_grenade		0.0	false	16.0		80.0	-1.0	true
wh_main_dwf_drakegun_explosion	percussive	shockwave	3.0	0.0	14.0	15.0		wh_main_weapon_flamethrower_explosion	0.0				1.0	false	6.0	wh_main_unit_explosion_medium	40.0	-1.0	true
wh_main_dwf_flamecannon_explosion	percussive	shockwave	7.0	0.0	12.0	70.0		wh_main_weapon_flamethrower_explosion	0.0		wh_fireball	wh_main_unit_contact_morale	1.0	false	30.0	wh_main_unit_explosion_medium	180.0	-1.0	true
wh_main_dwf_grudge_thrower_explosion	percussive	shockwave	4.0	0.0	12.0	40.0			0.0		wh_large_rock		0.0	false	65.0	wh_main_unit_explosion_medium	180.0	-1.0	true
wh_main_dwf_gyrocopter_steamgun_explosion	percussive	shockwave	5.0	0.0	8.0	37.0		wh_main_steam_explosion_medium	0.0		wh_copter_steamgun		0.0	false	8.0	wh_main_unit_explosion_light	10.0	-1.0	true
wh_main_dwf_trollhammer	percussive	shockwave	1.0	0.0	10.0	4.0		wh_main_weapon_trollhammer_explosion	0.0		wh_grenade		0.0	false	10.0	wh_main_unit_explosion_light	100.0	-1.0	true
wh_main_emp_grenade_explosion	percussive	shockwave	3.0	0.0	13.0	34.0		wh_main_generic_spherical_explosion_small	0.0		wh_grenade		25.0	false	15.0	wh_main_unit_explosion_light	180.0	-1.0	true
wh_main_emp_mortar_explosion	percussive	shockwave	6.0	0.0	11.0	60.0		wh_main_generic_spherical_explosion_large	0.0		wh_mortar		0.0	false	16.0	wh_main_unit_explosion_medium	260.0	-1.0	true
wh_main_emp_rocket_explosion	percussive	shockwave	6.0	0.0	11.0	22.0		wh_main_generic_spherical_explosion_large	0.0		wh_rocket		0.0	false	51.0	wh_main_unit_explosion_medium	200.0	-1.0	true
wh_main_emp_steamtank_steamgun_explosion	percussive	shockwave	4.0	0.0	8.0	44.0		wh_main_steam_explosion_medium	0.0		wh_bomb		0.0	false	12.0	wh_main_unit_explosion_light	10.0	-1.0	true
wh_main_fire_miscast	percussive	shockwave	3.0	1.0	12.0	288.0		wh_main_generic_miscast	0.0		wh2_magic_miscast_generic		0.0	true	300.0	wh_main_unit_explosion_light	150.0	-1.0	true
wh_main_gen_carcass_explosion	percussive	carcass	2.0	0.0	6.0	1.0			0.0		wh_carcass		0.0	false	0.0	wh_main_unit_explosion_light	100.0	-1.0	true
wh_main_gen_large_explosion	percussive	shockwave	7.0	0.0	6.0	90.0		wh_main_generic_spherical_explosion_large	0.0		wh_generic_large		0.0	false	0.0	wh_main_unit_explosion_heavy	100.0	-1.0	true
wh_main_gen_small_explosion	percussive	shockwave	5.0	0.0	10.0	250.0		wh_main_generic_spherical_explosion_small	0.0		wh_generic_small		0.0	false	750.0	wh_main_unit_explosion_light	100.0	-1.0	true
wh_main_generic_miscast	percussive	shockwave	3.0	1.0	12.0	48.0		wh_main_generic_miscast	0.0		wh2_magic_miscast_generic		0.0	true	192.0	wh_main_unit_explosion_light	150.0	-1.0	true
wh_main_grn_doomdiver_goblin_explosion	percussive	carcass	2.0	0.0	10.0	40.0			0.0		wh_large_rock		0.0	false	15.0	wh_main_unit_explosion_medium	100.0	-1.0	true
wh_main_grn_rock_lobber_explosion	percussive	shockwave	4.0	0.0	12.0	30.0			0.0		wh_large_rock		0.0	false	65.0	wh_main_unit_explosion_medium	180.0	-1.0	true
wh_main_heavens_miscast	percussive	shockwave	3.0	1.0	12.0	288.0		wh_main_generic_miscast	0.0		wh2_magic_miscast_generic		0.0	true	300.0	wh_main_unit_explosion_light	150.0	-1.0	true
wh_main_light_miscast	percussive	shockwave	3.0	1.0	12.0	288.0		wh_main_generic_miscast	0.0		wh2_magic_miscast_generic		0.0	true	300.0	wh_main_unit_explosion_light	150.0	-1.0	true
wh_main_lil_waaagh_miscast	percussive	shockwave	3.0	1.0	12.0	288.0		wh_main_generic_miscast	0.0		wh2_magic_miscast_generic		0.0	true	300.0	wh_main_unit_explosion_light	150.0	-1.0	true
wh_main_lord_abilities_lord_of_the_storm	percussive	shockwave	6.0	0.0	11.0	0.0		wh_main_abilities_lord_of_the_storm_explosion	0.0		wh_lord_of_the_storm		0.0	true	8.0	wh_main_unit_explosion_medium	450.0	-1.0	true
wh_main_metal_miscast	percussive	shockwave	3.0	1.0	12.0	288.0		wh_main_generic_miscast	0.0		wh2_magic_miscast_generic		0.0	true	300.0	wh_main_unit_explosion_light	150.0	-1.0	true
wh_main_spell_big_waaagh_gaze_of_mork	percussive	shockwave	1.0	1.0	5.0	55.0		wh_main_big_waaagh_gaze_of_mork_explosion	0.0		wh_generic_small		0.0	true	25.0	wh_main_unit_explosion_light	40.0	-1.0	true
wh_main_spell_big_waaagh_gaze_of_mork_upgraded	percussive	shockwave	1.0	1.0	5.0	55.0		wh_main_big_waaagh_gaze_of_mork_explosion	0.0		wh_generic_small		0.0	true	25.0	wh_main_unit_explosion_light	50.0	-1.0	true
wh_main_spell_bound_soulfire	percussive	shockwave	3.0	1.0	10.0	36.0			0.0				0.0	true	0.0		400.0	-1.0	false
wh_main_spell_fire_fireball	percussive	shockwave	3.0	1.0	11.0	144.0		wh_main_generic_spherical_explosion_large	0.0		wh_main_spell_fire_fireball		1.0	true	0.0	wh_main_unit_explosion_light	450.0	-1.0	true
wh_main_spell_fire_fireball_upgraded	percussive	shockwave	6.0	1.0	11.0	144.0		wh_main_generic_spherical_explosion_large	0.0		wh_main_spell_fire_fireball		1.0	true	72.0	wh_main_unit_explosion_light	450.0	-1.0	true
wh_main_spell_fire_piercing_bolts_of_burning	percussive	shockwave	3.0	1.0	12.0	0.0		wh_main_fire_piercing_bolts_of_burning_explode	0.0		wh_generic_small		1.0	true	90.0	wh_main_unit_explosion_light	400.0	-1.0	true
wh_main_spell_fire_piercing_bolts_of_burning_upgraded	percussive	shockwave	3.0	1.0	12.0	0.0		wh_main_fire_piercing_bolts_of_burning_explode	0.0		wh_generic_small		1.0	true	90.0	wh_main_unit_explosion_light	400.0	-1.0	true
wh_main_spell_heavens_comet_of_casandora	percussive	shockwave	20.0	1.0	20.0	0.0			0.0		wh_comet_of_cas		0.0	true	72.0	wh_main_unit_explosion_heavy	500.0	-1.0	true
wh_main_spell_heavens_comet_of_casandora_upgraded	percussive	shockwave	20.0	1.0	20.0	0.0			0.0		wh_comet_of_cas		0.0	true	144.0	wh_main_unit_explosion_heavy	500.0	-1.0	true
wh_main_spell_heavens_urannons_thunderbolt	percussive	shockwave	6.0	1.0	12.0	0.0			0.0		wh_urannons_thunderbolt		0.0	true	96.0	wh_main_unit_explosion_light	400.0	-1.0	true
wh_main_spell_heavens_urannons_thunderbolt_upgraded	percussive	shockwave	8.0	1.0	12.0	0.0			0.0		wh_urannons_thunderbolt		0.0	true	192.0	wh_main_unit_explosion_light	400.0	-1.0	true
wh_main_spell_light_shems_burning_gaze	percussive	shockwave	1.0	1.0	5.0	20.0		wh_main_light_shems_burning_gaze_explosion	0.0		wh_generic_small		1.0	true	45.0	wh_main_unit_explosion_light	40.0	-1.0	true
wh_main_spell_light_shems_burning_gaze_upgraded	percussive	shockwave	1.0	1.0	5.0	40.0		wh_main_light_shems_burning_gaze_explosion	0.0		wh_generic_small		1.0	true	90.0	wh_main_unit_explosion_light	50.0	-1.0	true
wh_main_spell_lil_waaagh_vindictive_glare	percussive	shockwave	1.0	1.0	5.0	55.0		wh_main_lil_waaagh_vindictive_glare_explosion	0.0		wh_generic_small		0.0	true	25.0	wh_main_unit_explosion_light	40.0	-1.0	true
wh_main_spell_lil_waaagh_vindictive_glare_upgraded	percussive	shockwave	1.0	1.0	5.0	55.0		wh_main_lil_waaagh_vindictive_glare_explosion	0.0		wh_generic_small		0.0	true	25.0	wh_main_unit_explosion_light	50.0	-1.0	true
wh_main_spell_metal_searing_doom	percussive	shockwave	3.0	1.0	12.0	0.0		wh_main_metal_searing_doom_impact	0.0		wh_generic_small		0.0	true	30.0	wh_main_unit_explosion_light	400.0	-1.0	true
wh_main_spell_metal_searing_doom_upgraded	percussive	shockwave	3.0	1.0	12.0	0.0		wh_main_metal_searing_doom_impact	0.0		wh_generic_small		0.0	true	30.0	wh_main_unit_explosion_light	400.0	-1.0	true
wh_main_spell_vampires_gaze_of_nagash	percussive	shockwave	1.0	1.0	5.0	30.0		wh_main_vampires_gaze_of_nagash_explosion	0.0		wh_main_spell_vampires_gaze_of_nagash		0.0	true	65.0	wh_main_unit_explosion_light	40.0	-1.0	true
wh_main_spell_vampires_gaze_of_nagash_upgraded	percussive	shockwave	1.0	1.0	5.0	30.0		wh_main_vampires_gaze_of_nagash_explosion	0.0		wh_main_spell_vampires_gaze_of_nagash		0.0	true	65.0	wh_main_unit_explosion_light	50.0	-1.0	true
wh_main_tower_brt_blessed_stone_explosion	percussive	shockwave	4.0	0.0	7.0	65.0		wh_main_impact_medium_rock	0.0		wh_large_rock		0.0	false	35.0	wh_main_unit_explosion_light	100.0	-1.0	true
wh_main_tower_brt_carcass_explosion	percussive	shockwave	5.0	0.0	7.0	70.0		wh_main_generic_spherical_explosion_small	0.0		wh_carcass		0.0	false	50.0	wh_main_unit_explosion_light	100.0	-1.0	true
wh_main_tower_dwf_cannon_ball_explosion	percussive	shockwave	4.0	0.0	7.0	65.0		wh_main_generic_spherical_explosion_small	0.0				0.0	false	35.0	wh_main_unit_explosion_medium	100.0	-1.0	true
wh_main_tower_dwf_fused_beer_keg_explosion	percussive	shockwave	5.0	0.0	7.0	70.0		wh_main_generic_spherical_explosion_large	0.0				0.0	false	50.0	wh_main_unit_explosion_medium	150.0	-1.0	true
wh_main_tower_emp_cannon_ball_explosion	percussive	shockwave	4.0	0.0	7.0	65.0		wh_main_generic_spherical_explosion_small	0.0				0.0	false	35.0	wh_main_unit_explosion_medium	100.0	-1.0	true
wh_main_tower_emp_clockwork_bomb_explosion	percussive	shockwave	5.0	0.0	7.0	70.0		wh_main_generic_spherical_explosion_medium	0.0		wh_bomb		0.0	false	50.0	wh_main_unit_explosion_medium	150.0	-1.0	true
wh_main_tower_grn_giant_dungball_explosion	percussive	shockwave	4.0	0.0	7.0	65.0		wh_main_grn_giant_dungball_explosion	0.0				0.0	false	35.0	wh_main_unit_explosion_medium	100.0	-1.0	true
wh_main_tower_grn_rock_idol_explosion	percussive	shockwave	5.0	0.0	7.0	70.0		wh_main_tower_grn_rock_idol	0.0				0.0	false	50.0	wh_main_unit_explosion_medium	150.0	-1.0	true
wh_main_tower_vmp_caged_bats_explosion	percussive	shockwave	4.0	0.0	7.0	65.0		wh_main_vmp_caged_bats_explosion	0.0		wh2_vmp_tower_caged_bats_explosion		0.0	false	35.0	wh_main_unit_explosion_medium	100.0	-1.0	true
wh_main_tower_vmp_corpse_ball_explosion	percussive	shockwave	5.0	0.0	7.0	70.0		wh_main_vmp_dark_magic_medium	0.0		wh2_vmp_tower_corpse_ball_explosion		0.0	false	50.0	wh_main_unit_explosion_light	100.0	-1.0	true
wh_main_unit_abilities_gyrobomber_bomb	percussive	shockwave	6.0	0.0	11.0	30.0		wh_main_weapon_gyrobomber_bomb_large	0.0		wh_bomb		1.0	false	70.0	wh_main_unit_explosion_medium	450.0	-1.0	true
wh_main_unit_abilities_gyrocopter_grenade	percussive	shockwave	3.0	0.0	12.0	264.0		wh_main_weapon_gyrocopter_grenade	0.0		wh_bomb		1.0	false	66.0	wh_main_unit_explosion_light	400.0	-1.0	true
wh_main_vampires_miscast	percussive	shockwave	3.0	1.0	12.0	288.0		wh_main_generic_miscast	0.0		wh2_magic_miscast_generic		0.0	true	300.0	wh_main_unit_explosion_light	150.0	-1.0	true
wh_main_vmp_bat_explosion	percussive	shockwave	5.0	0.0	6.0	70.0		wh_main_vmp_caged_bats_explosion	0.0		wh_large_rock		0.0	false	0.0	wh_main_unit_explosion_light	100.0	-1.0	true
wh_pro04_bst_cygor_boulder_explosion_ror	percussive	shockwave	6.0	0.0	10.0	55.0		wh_dlc03_amber_spear_explosion	0.0		wh_large_rock		0.0	true	85.0	wh_main_unit_explosion_heavy	200.0	0.0	true
wh_pro04_chs_hellcannon_ror	percussive	shockwave	7.0	0.0	12.0	30.0		wh_main_weapon_hellcannon_explosion	0.0		wh_soul	wh_main_unit_contact_overhead_morale	0.0	true	90.0	wh_main_unit_explosion_medium	350.0	0.0	true
